<?xml version="1.0" encoding="UTF-8"?>

<AllergyIntolerance xmlns="http://hl7.org/fhir">
  <id value="cf-1554878062500"/>
  <text>
    <status value="generated"/><div xmlns='http://www.w3.org/1999/xhtml'>Peanut allergy<a name='mm'/></div>
  </text>
  <type value="allergy"/>
  <category value="food"/>
  <criticality value="unable-to-assess"/>
  <code>
    <coding>
      <system value="http://snomed.info/sct"/>
      <code value="91935009"/>
      <display value="Allergy to peanuts"/>
    </coding>
  </code>
  <patient>
    <reference value="Patient/cf-1554873707223"/>
  </patient>
  <asserter>
    <reference value="Patient/cf-1554873707223"/>
  </asserter>
  <reaction>
    <substance>
      <coding>
        <system value="http://snomed.info/sct"/>
        <code value="762952008"/>
        <display value="Peanut"/>
      </coding>
    </substance>
    <manifestation>
      <coding>
        <system value="http://snomed.info/sct"/>
        <code value="126485001"/>
        <display value="Urticaria"/>
      </coding>
    </manifestation>
  </reaction>
</AllergyIntolerance>