<?xml version="1.0" encoding="UTF-8"?>

<List xmlns="http://hl7.org/fhir">
  <id value="cf-1554879075420"/>
  <text>
    <status value="generated"/><div xmlns='http://www.w3.org/1999/xhtml'>Unknown Adverse Reactions List<a name='mm'/></div>
  </text>
  <status value="current"/>
  <mode value="working"/>
  <title value="Adverse Reactions List"/>
  <code>
    <coding>
      <system value="http://loinc.org"/>
      <code value="48765-2"/>
      <display value="Allergies and adverse reactions Document"/>
    </coding>
  </code>
  <subject>
    <reference value="Patient/cf-1554873707223"/>
  </subject>
  <date value="2019-04-09T14:00:00.000Z"/>
  <emptyReason>
    <coding>
      <system value="http://hl7.org/fhir/list-empty-reason"/>
      <code value="unavailable"/>
      <display value="Unavailable"/>
    </coding>
  </emptyReason>
</List>