{"resourceType":"ImplementationGuide","id":"hl7.fhir.au.primarycare","text":{"status":"generated","div":"<div xmlns=\"http://www.w3.org/1999/xhtml\"><h2>AUPrimaryCareImplementationGuide</h2><p>The official URL for this implementation guide is: </p><pre>http://build.fhir.org/ig/aehrc/ImplementationGuide/hl7.fhir.au.primarycare</pre></div>"},"url":"http://build.fhir.org/ig/aehrc/ImplementationGuide/hl7.fhir.au.primarycare","version":"0.0.1","name":"AUPrimaryCareImplementationGuide","status":"draft","experimental":true,"date":"2019-01-18T00:00:00+10:00","publisher":"AEHRC","contact":[{"name":"Primary Care Data Quality Technical Working Group","telecom":[{"system":"url","value":"https://confluence.csiro.au/display/primarycaredata/Primary+Care+Data+Quality+Technical+Working+Group","use":"work"}]}],"jurisdiction":[{"coding":[{"system":"urn:iso:std:iso:3166","code":"AU"}]}],"fhirVersion":"4.0.1","package":[{"id":"p1","name":"primarycare","resource":[{"extension":[{"url":"http://hl7.org/fhir/StructureDefinition/implementationguide-page","valueUri":"StructureDefinition-au-primarycarepatient.html"}],"example":false,"sourceReference":{"reference":"StructureDefinition/au-primarycarepatient"}},{"extension":[{"url":"http://hl7.org/fhir/StructureDefinition/implementationguide-page","valueUri":"StructureDefinition-au-primarycareallergyintolerance.html"}],"example":false,"sourceReference":{"reference":"StructureDefinition/au-primarycareallergyintolerance"}},{"extension":[{"url":"http://hl7.org/fhir/StructureDefinition/implementationguide-page","valueUri":"StructureDefinition-au-primarycareallergyintolerancelist.html"}],"example":false,"sourceReference":{"reference":"StructureDefinition/au-primarycareallergyintolerancelist"}},{"extension":[{"url":"http://hl7.org/fhir/StructureDefinition/implementationguide-page","valueUri":"StructureDefinition-au-primarycarecomposition.html"}],"example":false,"sourceReference":{"reference":"StructureDefinition/au-primarycarecomposition"}},{"extension":[{"url":"http://hl7.org/fhir/StructureDefinition/implementationguide-page","valueUri":"StructureDefinition-au-primarycarefamilymemberhistory.html"}],"example":false,"sourceReference":{"reference":"StructureDefinition/au-primarycarefamilymemberhistory"}},{"extension":[{"url":"http://hl7.org/fhir/StructureDefinition/implementationguide-page","valueUri":"StructureDefinition-au-primarycarefamilymemberhistorylist.html"}],"example":false,"sourceReference":{"reference":"StructureDefinition/au-primarycarefamilymemberhistorylist"}},{"extension":[{"url":"http://hl7.org/fhir/StructureDefinition/implementationguide-page","valueUri":"StructureDefinition-au-primarycareimmunisation.html"}],"example":false,"sourceReference":{"reference":"StructureDefinition/au-primarycareimmunisation"}},{"extension":[{"url":"http://hl7.org/fhir/StructureDefinition/implementationguide-page","valueUri":"StructureDefinition-au-primarycareimmunisationlist.html"}],"example":false,"sourceReference":{"reference":"StructureDefinition/au-primarycareimmunisationlist"}},{"extension":[{"url":"http://hl7.org/fhir/StructureDefinition/implementationguide-page","valueUri":"StructureDefinition-au-primarycaremedicalhistorylist.html"}],"example":false,"sourceReference":{"reference":"StructureDefinition/au-primarycaremedicalhistorylist"}},{"extension":[{"url":"http://hl7.org/fhir/StructureDefinition/implementationguide-page","valueUri":"StructureDefinition-au-primarycaremedication.html"}],"example":false,"sourceReference":{"reference":"StructureDefinition/au-primarycaremedication"}},{"extension":[{"url":"http://hl7.org/fhir/StructureDefinition/implementationguide-page","valueUri":"StructureDefinition-au-primarycaremedicationstatement.html"}],"example":false,"sourceReference":{"reference":"StructureDefinition/au-primarycaremedicationstatement"}},{"extension":[{"url":"http://hl7.org/fhir/StructureDefinition/implementationguide-page","valueUri":"StructureDefinition-au-primarycaremedicinelist.html"}],"example":false,"sourceReference":{"reference":"StructureDefinition/au-primarycaremedicinelist"}},{"extension":[{"url":"http://hl7.org/fhir/StructureDefinition/implementationguide-page","valueUri":"StructureDefinition-au-primarycareproblemlist.html"}],"example":false,"sourceReference":{"reference":"StructureDefinition/au-primarycareproblemlist"}},{"extension":[{"url":"http://hl7.org/fhir/StructureDefinition/implementationguide-page","valueUri":"StructureDefinition-au-primarycareprocedure.html"}],"example":false,"sourceReference":{"reference":"StructureDefinition/au-primarycareprocedure"}},{"extension":[{"url":"http://hl7.org/fhir/StructureDefinition/implementationguide-page","valueUri":"StructureDefinition-au-primarycareprocedurelist.html"}],"example":false,"sourceReference":{"reference":"StructureDefinition/au-primarycareprocedurelist"}},{"extension":[{"url":"http://hl7.org/fhir/StructureDefinition/implementationguide-page","valueUri":"StructureDefinition-au-primarycaresocialhistorylist.html"}],"example":false,"sourceReference":{"reference":"StructureDefinition/au-primarycaresocialhistorylist"}},{"example":false,"sourceReference":{"reference":"ValueSet/au-primarycare-clinical-indication-for-medication"}},{"example":false,"sourceReference":{"reference":"ValueSet/au-primarycare-condition-course"}},{"example":false,"sourceReference":{"reference":"ValueSet/au-primarycare-reaction-manifestation"}},{"example":false,"sourceReference":{"reference":"ValueSet/au-primarycare-genetic-family-member"}},{"extension":[{"url":"http://hl7.org/fhir/StructureDefinition/implementationguide-page","valueUri":"Patient-cf-1552457299474.html"}],"example":true,"name":"Mary Ficticious - JS","sourceReference":{"reference":"Patient/cf-1552457299474"}},{"extension":[{"url":"http://hl7.org/fhir/StructureDefinition/implementationguide-page","valueUri":"Patient-B0E0A3ADB59E2F77D6D51ADCA7DAD6B2.35.html"}],"example":true,"name":"Oridashi Patient 1","sourceReference":{"reference":"Patient/B0E0A3ADB59E2F77D6D51ADCA7DAD6B2.35"}},{"extension":[{"url":"http://hl7.org/fhir/StructureDefinition/implementationguide-page","valueUri":"Patient-4E756D076EDCAF7552FFF6CF7B7BB2A1.20.html"}],"example":true,"name":"Oridashi Patient 2","sourceReference":{"reference":"Patient/4E756D076EDCAF7552FFF6CF7B7BB2A1.20"}},{"extension":[{"url":"http://hl7.org/fhir/StructureDefinition/implementationguide-page","valueUri":"MedicationStatement-4E756D076EDCAF7552FFF6CF7B7BB2A1.147.html"}],"example":true,"name":"Oridashi MedicationStatement 1","sourceReference":{"reference":"MedicationStatement/4E756D076EDCAF7552FFF6CF7B7BB2A1.147"}},{"extension":[{"url":"http://hl7.org/fhir/StructureDefinition/implementationguide-page","valueUri":"MedicationStatement-B0E0A3ADB59E2F77D6D51ADCA7DAD6B2.10.html"}],"example":true,"name":"Oridashi MedicationStatement 2","sourceReference":{"reference":"MedicationStatement/B0E0A3ADB59E2F77D6D51ADCA7DAD6B2.10"}},{"extension":[{"url":"http://hl7.org/fhir/StructureDefinition/implementationguide-page","valueUri":"Immunization-B0E0A3ADB59E2F77D6D51ADCA7DAD6B2.70.html"}],"example":true,"name":"Oridashi Immunization 1","sourceReference":{"reference":"Immunization/B0E0A3ADB59E2F77D6D51ADCA7DAD6B2.70"}},{"extension":[{"url":"http://hl7.org/fhir/StructureDefinition/implementationguide-page","valueUri":"Immunization-4E756D076EDCAF7552FFF6CF7B7BB2A1.143.html"}],"example":true,"name":"Oridashi Immunization 2","sourceReference":{"reference":"Immunization/4E756D076EDCAF7552FFF6CF7B7BB2A1.143"}},{"extension":[{"url":"http://hl7.org/fhir/StructureDefinition/implementationguide-page","valueUri":"Procedure-B0E0A3ADB59E2F77D6D51ADCA7DAD6B2.89.html"}],"example":true,"name":"Oridashi Procedure 1","sourceReference":{"reference":"Procedure/B0E0A3ADB59E2F77D6D51ADCA7DAD6B2.89"}},{"extension":[{"url":"http://hl7.org/fhir/StructureDefinition/implementationguide-page","valueUri":"Procedure-4E756D076EDCAF7552FFF6CF7B7BB2A1.168.html"}],"example":true,"name":"Oridashi Procedure 2","sourceReference":{"reference":"Procedure/4E756D076EDCAF7552FFF6CF7B7BB2A1.168"}},{"extension":[{"url":"http://hl7.org/fhir/StructureDefinition/implementationguide-page","valueUri":"AllergyIntolerance-B0E0A3ADB59E2F77D6D51ADCA7DAD6B2.6.html"}],"example":true,"name":"Oridashi Allergy Intolerance 1","sourceReference":{"reference":"AllergyIntolerance/B0E0A3ADB59E2F77D6D51ADCA7DAD6B2.6"}},{"extension":[{"url":"http://hl7.org/fhir/StructureDefinition/implementationguide-page","valueUri":"AllergyIntolerance-4E756D076EDCAF7552FFF6CF7B7BB2A1.18.html"}],"example":true,"name":"Oridashi Allergy Intolerance 2","sourceReference":{"reference":"AllergyIntolerance/4E756D076EDCAF7552FFF6CF7B7BB2A1.18"}},{"extension":[{"url":"http://hl7.org/fhir/StructureDefinition/implementationguide-page","valueUri":"AllergyIntolerance-cf-1554878062500.html"}],"example":true,"name":"Sample Allergy Intolerance: Unconfirmed peanut allergy","sourceReference":{"reference":"AllergyIntolerance/cf-1554878062500"}},{"extension":[{"url":"http://hl7.org/fhir/StructureDefinition/implementationguide-page","valueUri":"AllergyIntolerance-cf-1554873772436.html"}],"example":true,"name":"Sample Allergy Intolerance: eosinophilic oesphagitis triggered by wheat and dairy","sourceReference":{"reference":"AllergyIntolerance/cf-1554873772436"}},{"extension":[{"url":"http://hl7.org/fhir/StructureDefinition/implementationguide-page","valueUri":"List-cf-1554873603226.html"}],"example":true,"name":"Sample Allergy Intolerance List","sourceReference":{"reference":"List/cf-1554873603226"}},{"extension":[{"url":"http://hl7.org/fhir/StructureDefinition/implementationguide-page","valueUri":"List-cf-1554878846011.html"}],"example":true,"name":"Sample Allergy Intolerance List: Empty (nilknown)","sourceReference":{"reference":"List/cf-1554878846011"}},{"extension":[{"url":"http://hl7.org/fhir/StructureDefinition/implementationguide-page","valueUri":"List-cf-1554879075420.html"}],"example":true,"name":"Sample Allergy Intolerance List: Empty (unknown)","sourceReference":{"reference":"List/cf-1554879075420"}},{"extension":[{"url":"http://hl7.org/fhir/StructureDefinition/implementationguide-page","valueUri":"Composition-example0.html"}],"example":true,"name":"Sample Composition","sourceReference":{"reference":"Composition/example0"}}]}],"page":{"source":"index.html","title":"Primary Care Implementation Guide","kind":"page"}}