<?xml version="1.0" encoding="UTF-8"?>

<AllergyIntolerance xmlns="http://hl7.org/fhir">
  <id value="4E756D076EDCAF7552FFF6CF7B7BB2A1.18"/>
  <meta>
    <versionId value="20180412005602"/>
    <lastUpdated value="2018-04-12T00:56:02.153+00:00"/>
  </meta>
  <text>
    <status value="generated"/><div xmlns="http://www.w3.org/1999/xhtml">
            <p>ALPHA-ADRENERGIC BLOCKERS - rash</p>
        </div>
  </text>
  <clinicalStatus/>
  <verificationStatus/>
  <category value="medication"/>
  <criticality value="low"/>
  <code>
    <coding>
      <system value="http://oridashi.com.au/system/code/md-drug-class"/>
      <code value="1AA89EE6CE4C79150C522899B2721609"/>
      <display value="ALPHA-ADRENERGIC BLOCKERS"/>
    </coding>
    <text value="ALPHA-ADRENERGIC BLOCKERS"/>
  </code>
  <patient>
    <reference value="Patient/4E756D076EDCAF7552FFF6CF7B7BB2A1.17"/>
  </patient>
  <recorder>
    <reference value="Practitioner/4E756D076EDCAF7552FFF6CF7B7BB2A1.2"/>
  </recorder>
  <reaction>
  <!-- extension url="http://oridashi.com.au/fhir/StructureDefinition/allergyintolerance-severity">
            <valueCodeableConcept>
                <coding>
                    <system value="http://oridashi.com.au/system/code/bestpracticeseverity" />
                    <code value="2" />
                    <display value="Moderately Severe" />
                </coding>
                <text value="Moderately Severe" />
            </valueCodeableConcept>
        </extension -->
    <manifestation>
      <text value="rash"/>
    </manifestation>
    <severity value="moderate"/>
  </reaction>
</AllergyIntolerance>