<?xml version="1.0" encoding="UTF-8"?>

<Immunization xmlns="http://hl7.org/fhir">
  <id value="4E756D076EDCAF7552FFF6CF7B7BB2A1.143"/>
  <meta>
    <versionId value="20130107045405"/>
    <lastUpdated value="2013-01-07T04:54:05+00:00"/>
  </meta>
  <text>
    <status value="generated"/><div xmlns="http://www.w3.org/1999/xhtml">
            <p>1999-06-11 HEPATITIS A (EE3F243E)</p>
        </div>
  </text>
  <status value="completed"/>
  <vaccineCode>
    <text value="HEPATITIS A"/>
  </vaccineCode>
  <patient>
    <reference value="Patient/4E756D076EDCAF7552FFF6CF7B7BB2A1.36"/>
  </patient>
  <primarySource value="true"/>
  <lotNumber value="EE3F243E"/>
  <note>
    <text value="Off to China for 3 weeks."/>
  </note>
</Immunization>