<?xml version="1.0" encoding="UTF-8"?>

<Patient xmlns="http://hl7.org/fhir">
  <id value="4E756D076EDCAF7552FFF6CF7B7BB2A1.20"/>
  <meta>
    <versionId value="20180903231855"/>
    <lastUpdated value="2018-09-03T23:18:55.597+00:00"/>
    <profile value="https://aehrc.com/fhir/StructureDefinition/AUPrimaryCarePatient"/>
  </meta>
  <text>
    <status value="generated"/><div xmlns="http://www.w3.org/1999/xhtml">
            <p>Anderson,David (Male 64y)</p>
        </div>
  </text>
<!-- extension url="http://oridashi.com.au/fhir/StructureDefinition/patient-ethnicity">
        <valueCodeableConcept>
            <coding>
                <system value="http://www.abs.gov.au/ausstats/abs@.nsf/mf/1249.0" />
                <code value="1201" />
                <display value="Maori" />
            </coding>
            <text value="Maori" />
        </valueCodeableConcept>
    </extension -->
  <extension url="http://hl7.org.au/fhir/StructureDefinition/indigenous-status">
    <valueCoding>
      <system value="https://healthterminologies.gov.au/fhir/CodeSystem/australian-indigenous-status-1"/>
      <code value="4"/>
      <display value="Neither Aboriginal nor Torres Strait Islander origin"/>
    </valueCoding>
  </extension>
<!-- 
        <valueCodeableConcept>
            <coding>
                <system value="http://www.abs.gov.au/ausstats/abs@.nsf/mf/1269.0" />
                <code value="1201" />
                <display value="New Zealand" />
            </coding>
            <text value="New Zealand" />
        </valueCodeableConcept>
		 -->
  <extension url="http://hl7.org/fhir/StructureDefinition/birthPlace">
    <valueAddress>
      <country value="NZ"/>
    </valueAddress>
  </extension>
  <identifier>
    <use value="usual"/>
    <type>
      <coding>
        <system value="http://hl7.org/fhir/v2/0203"/>
        <code value="MC"/>
        <display value="Patient&#39;s Medicare Number"/>
      </coding>
      <text value="Medicare Number"/>
    </type>
    <system value="http://ns.electronichealth.net.au/id/medicare-number"/>
    <value value="62882534431"/>
    <period>
      <end value="2021-07"/>
    </period>
  </identifier>
  <identifier>
    <type>
      <coding>
        <system value="http://hl7.org/fhir/v2/0203"/>
        <code value="PEN"/>
        <display value="Pension Number"/>
      </coding>
      <text value="Pensioner Number"/>
    </type>
    <system value="http://ns.electronichealth.net.au/id/centrelink-customer-reference-number"/>
    <value value="403123456H"/>
  </identifier>
  <identifier>
    <extension url="http://hl7.org.au/fhir/StructureDefinition/ihi-status">
      <valueCoding>
        <system value="https://healthterminologies.gov.au/fhir/CodeSystem/ihi-status-1"/>
        <code value="active"/>
        <display value="active"/>
      </valueCoding>
    </extension>
    <extension url="http://hl7.org.au/fhir/StructureDefinition/ihi-record-status">
      <valueCoding>
        <system value="https://healthterminologies.gov.au/fhir/CodeSystem/ihi-record-status-1"/>
        <code value="verified"/>
        <display value="verified"/>
      </valueCoding>
    </extension>
    <use value="usual"/>
    <type>
      <coding>
        <system value="http://hl7.org/fhir/v2/0203"/>
        <code value="NI"/>
        <display value="National unique individual identifier"/>
      </coding>
      <text value="IHI"/>
    </type>
    <system value="http://ns.electronichealth.net.au/id/hi/ihi/1.0"/>
    <value value="8003608166845602"/>
    <period>
      <start value="2018-08-17T19:35:04+10:00"/>
    </period>
  </identifier>
  <identifier>
    <use value="usual"/>
    <type>
      <coding>
        <system value="http://hl7.org/fhir/v2/0203"/>
        <code value="MB"/>
        <display value="Member Number"/>
      </coding>
      <text value="Health Fund Number"/>
    </type>
    <value value="21342233J"/>
    <assigner>
      <display value="MEDIBANK PRIVATE LTD"/>
    </assigner>
  </identifier>
  <active value="true"/>
  <name>
    <use value="usual"/>
    <family value="Anderson"/>
    <given value="David"/>
    <prefix value="Mr"/>
  </name>
  <name>
    <use value="nickname"/>
    <text value="David"/>
  </name>
  <telecom>
    <system value="email"/>
    <value value="anderson.p@hcn.samplesdb.com.au"/>
    <use value="home"/>
  </telecom>
  <telecom>
    <system value="phone"/>
    <value value="(07) 3124 5678"/>
  </telecom>
  <gender value="male"/>
  <birthDate value="1955-01-04"/>
  <deceasedBoolean value="false"/>
  <address>
    <extension url="http://hl7.org/fhir/StructureDefinition/iso21090-preferred">
      <valueBoolean value="true"/>
    </extension>
    <use value="home"/>
    <type value="physical"/>
    <line value="61 Wallace Street"/>
    <city value="Bundaberg"/>
    <state value="QLD"/>
    <postalCode value="4670"/>
  </address>
  <maritalStatus>
    <coding>
      <system value="http://hl7.org/fhir/v3/MaritalStatus"/>
      <code value="U"/>
      <display value="unmarried"/>
    </coding>
    <text value="Single"/>
  </maritalStatus>
  <contact>
    <relationship>
      <coding>
        <system value="http://hl7.org/fhir/v2/0131"/>
        <code value="C"/>
      </coding>
    </relationship>
    <relationship>
      <coding>
        <system value="http://hl7.org/fhir/v2/0131"/>
        <code value="N"/>
      </coding>
      <coding>
        <system value="http://hl7.org/fhir/v3/RoleCode"/>
        <code value="CHILD"/>
      </coding>
    </relationship>
    <name>
      <use value="usual"/>
      <family value="Anderson"/>
      <given value="Penny"/>
      <prefix value="Mrs"/>
    </name>
    <telecom>
      <system value="email"/>
      <value value="anderson.p@hcn.samplesdb.com.au"/>
      <use value="home"/>
    </telecom>
  </contact>
</Patient>