{
  "resourceType": "List",
  "id": "cf-1554878846011",
  "text": {
    "status": "generated",
    "div": "<div xmlns='http://www.w3.org/1999/xhtml'>Empty Allergies List<a name='mm'/></div>"
  },
  "status": "current",
  "mode": "snapshot",
  "title": "Adverse Reactions List",
  "code": {
    "coding": [
      {
        "system": "http://loinc.org",
        "code": "48765-2",
        "display": "Allergies and adverse reactions Document"
      }
    ]
  },
  "subject": {
    "reference": "Patient/cf-1554873707223"
  },
  "date": "2019-04-09T14:00:00.000Z",
  "emptyReason": {
    "coding": [
      {
        "system": "http://hl7.org/fhir/list-empty-reason",
        "code": "nilknown",
        "display": "Nil Known"
      }
    ]
  }
}